PhotoQuality,Description,Type,Responses
Good,Single,Treatment 2,52
Good,Full,Treatment 3,27
Bad,Full,Treatment 1,31
Bad,Single,Control,14
Bad,Single,Control,2
Good,Single,Treatment 2,12
Good,Full,Treatment 3,26
Bad,Full,Treatment 1,34
Bad,Single,Control,44
Bad,Full,Treatment 1,32
Bad,Full,Treatment 1,24
Good,Full,Treatment 3,47
Bad,Single,Control,18
Bad,Full,Treatment 1,33
Good,Full,Treatment 3,31
Good,Single,Treatment 2,29
Bad,Single,Control,44
Good,Full,Treatment 3,17
Good,Single,Treatment 2,27
Good,Single,Treatment 2,37